[
    {
        "key": "dbln",
        "value": "%7B%22100090166551697%22%3A%22SRcFNmxK%22%2C%2261554374372587%22%3A%22CiViaDjC%22%2C%22100067370808346%22%3A%22syp7Ww8r%22%2C%2261554247237760%22%3A%225R8IVrOj%22%2C%22100029553424992%22%3A%22jdrr8IMr%22%2C%22100020695094119%22%3A%22Zfpl6Oqv%22%2C%22100023229167819%22%3A%22hkynZEau%22%2C%2261555182366067%22%3A%22Ho0dFRcL%22%2C%2261555005523030%22%3A%22dMc1trsw%22%2C%2261553946254194%22%3A%22Lmj42pAJ%22%2C%2261554992685334%22%3A%22ENlW79xV%22%2C%2261555291334015%22%3A%22O8yISw3W%22%2C%2261555387360337%22%3A%22Dc8wnZTI%22%2C%2261555690018853%22%3A%22lHyP0SnK%22%2C%22100041841881488%22%3A%22HQAjY2r7%22%2C%2261555764598985%22%3A%22JwRF44S5%22%2C%2261555692515469%22%3A%22VOHQ99LG%22%7D",
        "domain": "facebook.com",
        "path": "/login/device-based/",
        "hostOnly": false,
        "creation": "2024-01-24T16:31:43.125Z",
        "lastAccessed": "2024-01-24T16:31:43.125Z"
    },
    {
        "key": "sb",
        "value": "eDNmZUS4hqzhfyKJ4X23YBQt",
        "domain": "facebook.com",
        "path": "/",
        "hostOnly": false,
        "creation": "2024-01-24T16:31:43.125Z",
        "lastAccessed": "2024-01-24T16:31:43.125Z"
    },
    {
        "key": "datr",
        "value": "te-FZUyWIX2YVcnKSA4T3ugt",
        "domain": "facebook.com",
        "path": "/",
        "hostOnly": false,
        "creation": "2024-01-24T16:31:43.125Z",
        "lastAccessed": "2024-01-24T16:31:43.125Z"
    },
    {
        "key": "locale",
        "value": "fr_FR",
        "domain": "facebook.com",
        "path": "/",
        "hostOnly": false,
        "creation": "2024-01-24T16:31:43.125Z",
        "lastAccessed": "2024-01-24T16:31:43.125Z"
    },
    {
        "key": "c_user",
        "value": "61555692515469",
        "domain": "facebook.com",
        "path": "/",
        "hostOnly": false,
        "creation": "2024-01-24T16:31:43.125Z",
        "lastAccessed": "2024-01-24T16:31:43.125Z"
    },
    {
        "key": "xs",
        "value": "4%3AaYCbjvsRVCJ0mA%3A2%3A1705809634%3A-1%3A-1",
        "domain": "facebook.com",
        "path": "/",
        "hostOnly": false,
        "creation": "2024-01-24T16:31:43.125Z",
        "lastAccessed": "2024-01-24T16:31:43.125Z"
    },
    {
        "key": "fbl_cs",
        "value": "AhB4fckS4wUTXis62Bh0vqt5GHY1YytGOEhFT1p4K20rNS9MWjJ5ZTRrOQ",
        "domain": "facebook.com",
        "path": "/",
        "hostOnly": false,
        "creation": "2024-01-24T16:31:43.125Z",
        "lastAccessed": "2024-01-24T16:31:43.125Z"
    },
    {
        "key": "fbl_ci",
        "value": "2675403282613269",
        "domain": "facebook.com",
        "path": "/",
        "hostOnly": false,
        "creation": "2024-01-24T16:31:43.125Z",
        "lastAccessed": "2024-01-24T16:31:43.125Z"
    },
    {
        "key": "m_page_voice",
        "value": "61555692515469",
        "domain": "facebook.com",
        "path": "/",
        "hostOnly": false,
        "creation": "2024-01-24T16:31:43.125Z",
        "lastAccessed": "2024-01-24T16:31:43.125Z"
    },
    {
        "key": "wd",
        "value": "360x675",
        "domain": "facebook.com",
        "path": "/",
        "hostOnly": false,
        "creation": "2024-01-24T16:31:43.125Z",
        "lastAccessed": "2024-01-24T16:31:43.125Z"
    },
    {
        "key": "fr",
        "value": "0J9k5OkTQEKFDhlNJ.AWUHcSXFuc1Z0SVmhoiU5L9WRIU.BljpRp.up.AAA.0.0.BlsRcn.AWVet9HS_VY",
        "domain": "facebook.com",
        "path": "/",
        "hostOnly": false,
        "creation": "2024-01-24T16:31:43.125Z",
        "lastAccessed": "2024-01-24T16:31:43.125Z"
    },
    {
        "key": "vpd",
        "value": "v1%3B675x360x2",
        "domain": "facebook.com",
        "path": "/",
        "hostOnly": false,
        "creation": "2024-01-24T16:31:43.125Z",
        "lastAccessed": "2024-01-24T16:31:43.125Z"
    },
    {
        "key": "fbl_st",
        "value": "101021517%3BT%3A28435231",
        "domain": "facebook.com",
        "path": "/",
        "hostOnly": false,
        "creation": "2024-01-24T16:31:43.125Z",
        "lastAccessed": "2024-01-24T16:31:43.125Z"
    },
    {
        "key": "wl_cbv",
        "value": "v2%3Bclient_version%3A2398%3Btimestamp%3A1706113862",
        "domain": "facebook.com",
        "path": "/",
        "hostOnly": false,
        "creation": "2024-01-24T16:31:43.125Z",
        "lastAccessed": "2024-01-24T16:31:43.125Z"
    }
]
